Banco de México,,,,,,,,,,,,,,,
,,,,,,,,,,,,,,,
Balanza de pagos,,,,,,,,,,,,,,,
Viajeros Internacionales (saldo e ingresos),,,,,,,,,,,,,,,
,,,,,,,,,,,,,,,
Fecha de consulta: 18/11/2025 12:44:32,,,,,,,,,,,,,,,
,,,,,,,,,,,,,,,
,,,,,,,,,,,,,,,
,,,,,,,,,,,,,,,
Título,"Viajeros Internacionales Gasto Turismo Total, Ingresos","Viajeros Internacionales, Gasto Excursionistas Total, Ingresos","Cuenta de viajeros internacionales, Ingresos, Turistas no fronterizos","Cuenta de viajeros internacionales, Saldo","Cuenta de viajeros internacionales, Número de viajeros, Ingresos","Viajeros Internacionales, Número de Viajeros Ingresos (Miles), Turistas","Viajeros Internacionales, Número de Viajeros Ingresos (Miles), Excursionistas","Cuenta de viajeros internacionales, Número de viajeros, Ingresos, Visitantes en cruceros","Cuenta de viajeros internacionales, Número de viajeros, Ingresos, Viajeros fronterizos, Con pernocta (Turistas fronterizos)","Cuenta de viajeros internacionales, Número de viajeros, Ingresos, Viajeros fronterizos, Sin pernocta","Cuenta de viajeros internacionales, Ingresos, Visitantes en cruceros","Cuenta de viajeros internacionales, Ingresos, Viajeros fronterizos, Con pernocta (Turistas fronterizos)","Cuenta de viajeros internacionales, Ingresos, Viajeros fronterizos, Sin pernocta","Viajeros Internacionales Gasto Total, Ingresos","Cuenta de viajeros internacionales, Número de viajeros, Ingresos, Turistas no fronterizos"
Periodo disponible,Ene 1980 - Sep 2025,Ene 1980 - Sep 2025,Ene 1960 - Sep 2025,Ene 1980 - Sep 2025,Ene 1980 - Sep 2025,Ene 1980 - Sep 2025,Ene 1980 - Sep 2025,Ene 1980 - Sep 2025,Ene 1980 - Sep 2025,Ene 1980 - Sep 2025,Ene 1980 - Sep 2025,Ene 1980 - Sep 2025,Ene 1980 - Sep 2025,Ene 1980 - Sep 2025,Ene 1960 - Sep 2025
Periodicidad,Mensual,Mensual,Mensual,Mensual,Mensual,Mensual,Mensual,Mensual,Mensual,Mensual,Mensual,Mensual,Mensual,Mensual,Mensual
Cifra,Flujos,Flujos,Flujos,Flujos,Flujos,Flujos,Flujos,Flujos,Flujos,Flujos,Flujos,Flujos,Flujos,Flujos,Flujos
Unidad,Miles de Dólares,Miles de Dólares,Miles de Dólares,Miles de Dólares,Miles de Personas,Miles de Personas,Miles de Personas,Miles de Personas,Miles de Personas,Miles de Personas,Miles de Dólares,Miles de Dólares,Miles de Dólares,Miles de Dólares,Miles de Personas
Base,,,,,,,,,,,,,,,
Aviso,,,,,,,,,,,,,,,
Tipo de información,Niveles,Niveles,Niveles,Niveles,Niveles,Niveles,Niveles,Niveles,Niveles,Niveles,Niveles,Niveles,Niveles,Niveles,Niveles
Fecha,SE5770,SE5771,SE5826,SE5828,SE5829,SE5830,SE5831,SE5847,SE5848,SE5849,SE5852,SE5853,SE5854,SE5855,SE6009
01/01/80,176230,94613,157360,98918,5393.76099,836.76099,4557,18,473,4539,983,18870,93630,270843,363.761
01/02/80,197653,88412,175572,97639,5116.91998,852.91999,4264,16,478,4248,1033,22081,87379,286065,374.92
01/03/80,202178,116686,176435,75004,5693.62897,1012.62899,4681,19,605,4662,1044,25743,115642,318864,407.629
01/04/80,169956,106648,137970,28504,5251.13196,997.13199,4254,19,666,4235,1810,31986,104838,276604,331.132
01/05/80,161791,83381,120510,13881,5529.95898,1145.959,4384,0,820,4384,0,41281,83381,245172,325.959
01/06/80,154044,90622,124565,18929,5356.49597,1039.49599,4317,0,705,4317,0,29479,90622,244666,334.496
01/07/80,166314,93952,128002,-74573,5527.18195,1185.18199,4342,0,833,4342,0,38312,93952,260266,352.182
01/08/80,159224,97640,133722,-35274,5647.63599,1065.63599,4582,0,700,4582,0,25502,97640,256864,365.636
01/09/80,126076,84729,94166,-47661,5094.97998,936.98,4158,15,711,4143,1098,31910,83631,210805,225.98
01/10/80,156448,95610,115714,3671,5322.61896,1149.61899,4173,18,870,4155,1040,40734,94570,252058,279.619
01/11/80,180801,88216,135479,14112,5592.11298,1286.11299,4306,19,959,4287,1274,45322,86942,269017,327.113
01/12/80,214633,95264,171750,-54140,6004.82196,1455.82199,4549,19,1000,4530,1323,42883,93941,309897,455.822
01/01/81,188542,97451,169195,56489,5571.40399,831.40399,4740,28,491,4712,1455,19347,95996,285993,340.404
01/02/81,208176,91115,185537,48616,5293.27594,857.27599,4436,25,496,4411,1529,22639,89586,299291,361.276
01/03/81,193443,120109,167049,27464,5854.89099,986.89099,4868,28,628,4840,1545,26394,118564,313552,358.891
01/04/81,184056,110164,151261,-68027,5465.65698,1038.65698,4427,29,691,4398,2677,32795,107487,294220,347.657
01/05/81,177348,85489,135025,-43486,5720.65295,1169.65298,4551,0,852,4551,0,42323,85489,262837,317.653
01/06/81,168460,92912,138236,-38444,5546.82495,1064.82498,4482,0,732,4482,0,30224,92912,261372,332.825
01/07/81,176975,96327,137696,-167493,5728.36194,1220.36198,4508,0,865,4508,0,39279,96327,273302,355.362
01/08/81,154034,100108,127888,-122416,5817.22998,1059.22998,4758,0,726,4758,0,26146,100108,254142,333.23
01/09/81,131045,87368,98328,-118319,5300.14697,976.147,4324,23,738,4301,1625,32717,85743,218413,238.147
01/10/81,152952,98500,111190,-86331,5525.27997,1184.27998,4341,27,903,4314,1539,41762,96961,251452,281.28
01/11/81,180771,91024,134304,-67986,5793.23798,1313.23799,4480,29,996,4451,1885,46467,89139,271795,317.238
01/12/81,247839,98272,203873,-151205,6223.57294,1491.57298,4732,28,1038,4704,1957,43966,96315,346111,453.573
01/01/82,181145,77909,165791,94717,5406.133,796.133,4610,49,476,4561,1722,15354,76187,259054,320.133
01/02/82,184077,72908,166109,82889,5128.19995,814.2,4314,44,481,4270,1809,17968,71099,256985,333.2
01/03/82,184081,95925,163134,100052,5687.99994,951.99998,4736,50,608,4686,1828,20947,94097,280006,344
01/04/82,155549,88474,129522,29690,5307.51196,1000.51199,4307,50,669,4257,3168,26027,85306,244023,331.512
01/05/82,137297,67847,103707,25940,5525.82196,1119.82199,4406,0,824,4406,0,33590,67847,205144,295.822
01/06/82,118213,73739,94226,10963,5348.02698,1009.02699,4339,0,709,4339,0,23987,73739,191952,300.027
01/07/82,151507,76448,120333,-3566,5546.50995,1181.50999,4365,0,837,4365,0,31174,76448,227955,344.51
01/08/82,123872,79450,103122,22413,5627.86597,1021.86599,4606,0,703,4606,0,20750,79450,203322,318.866
01/09/82,91439,69972,65473,1935,5140.58398,936.58399,4204,41,715,4163,1923,25966,68049,161411,221.584
01/10/82,111129,78772,77984,33383,5355.14996,1132.14999,4223,48,875,4175,1821,33145,76951,189901,257.15
01/11/82,126535,72975,89657,39150,5595.13098,1237.131,4358,50,965,4308,2231,36878,70744,199510,272.131
01/12/82,161708,78754,126814,13886,6037.66498,1434.66499,4603,50,1006,4553,2316,34894,76438,240462,428.665
01/01/83,136254,70290,122547,113084,5416.11298,829.113,4587,58,473,4529,2274,13707,68016,206544,356.113
01/02/83,162785,65863,146744,128155,5163.78998,871.78999,4292,52,477,4240,2390,16041,63473,228648,394.79
01/03/83,187364,87324,168463,149104,5801.31897,1090.31898,4711,59,604,4652,2415,18901,84909,274688,486.319
01/04/83,151628,80343,128392,111853,5345.19196,1058.19199,4287,60,665,4227,4186,23236,76157,231971,393.192
01/05/83,144738,60570,114750,89265,5564.112,1189.112,4375,0,818,4375,0,29988,60570,205308,371.112
01/06/83,141841,65830,120426,91867,5413.55896,1105.55899,4308,0,704,4308,0,21415,65830,207671,401.559
01/07/83,177675,68249,149844,90706,5615.17596,1281.17599,4334,0,831,4334,0,27831,68249,245924,450.176
01/08/83,141516,70928,122991,72105,5654.87396,1080.87399,4574,0,698,4574,0,18525,70928,212444,382.874
01/09/83,111727,63291,88546,35164,5174.16895,991.16899,4183,49,710,4134,2540,23181,60751,175018,281.169
01/10/83,148759,71104,119169,77864,5404.19098,1201.19099,4203,57,869,4146,2406,29590,68698,219863,332.191
01/11/83,171897,66104,138974,100001,5678.28998,1340.28999,4338,60,958,4278,2947,32923,63157,238001,382.29
01/12/83,234434,70541,203629,108862,6095.35895,1516.35899,4579,59,999,4520,3059,30805,67482,304975,517.359
01/01/84,210465,78025,185374,164952,5528.52295,883.52299,4645,82,485,4563,4172,25091,73853,288490,398.523
01/02/84,254511,75115,229269,191746,5614.73395,940.73399,4674,73,494,4601,4384,25242,70731,329626,446.734
01/03/84,254780,99840,227405,202006,5956.17499,1042.17499,4914,83,535,4831,4430,27375,95410,354620,507.175
01/04/84,202462,96136,171632,109250,5415.448,862.448,4553,84,470,4469,7678,30830,88458,298598,392.448
01/05/84,174213,87363,152160,90072,5423.90295,897.90299,4526,0,540,4526,0,22053,87363,261576,357.903
01/06/84,184817,70351,150510,98710,5550.724,1105.724,4445,0,735,4445,0,34307,70351,255168,370.724
01/07/84,175555,82505,142015,44321,6061.62994,1111.62999,4950,0,742,4950,0,33540,82505,258060,369.63
01/08/84,171324,78383,142154,59904,6120.79498,1118.79498,5002,0,750,5002,0,29170,78383,249707,368.795
01/09/84,127950,74639,96493,18320,5773.27795,1031.27798,4742,68,780,4674,4660,31457,69979,202589,251.278
01/10/84,146247,87249,111408,45251,5836.80096,1023.80099,4813,81,728,4732,4413,34839,82836,233496,295.801
01/11/84,170566,92834,141978,66493,6319.22797,1222.22798,5097,84,847,5013,5406,28588,87428,263400,375.228
01/12/84,239330,87843,202336,62929,6491.87897,1406.879,5085,83,887,5002,5612,36994,82231,327173,519.879
01/01/85,229738,94310,211728,154223,5632.56195,866.56199,4766,99,486,4667,4943,18010,89367,324048,380.562
01/02/85,247224,93437,224925,148604,5201.61694,885.61699,4316,89,476,4227,5195,22299,88242,340661,409.617
01/03/85,252718,95729,232576,147693,5707.39594,1059.39598,4648,101,590,4547,5249,20142,90480,348447,469.396
01/04/85,179625,90006,154939,67551,5264.474,996.474,4268,102,655,4166,9098,24686,80908,269631,341.474
01/05/85,164897,77078,126737,43311,5459.80597,1132.806,4327,0,810,4327,0,38160,77078,241975,322.806
01/06/85,157278,74564,133022,35076,5452.59094,1061.59099,4391,0,717,4391,0,24256,74564,231842,344.591
01/07/85,146262,64343,120025,457,5380.10095,1152.10098,4228,0,811,4228,0,26237,64343,210605,341.101
01/08/85,142068,79697,121252,26593,5441.17694,1032.17699,4409,0,673,4409,0,20816,79697,221765,359.177
01/09/85,92400,67508,68748,-8586,5091.98596,914.98599,4177,83,703,4094,5521,23652,61987,159908,211.986
01/10/85,98644,60275,74935,-4835,5172.52496,1082.52499,4090,98,836,3992,5229,23709,55046,158919,246.525
01/11/85,124623,57377,98051,30378,5562.70795,1259.70799,4303,102,940,4201,6405,26572,50972,182000,319.708
01/12/85,183876,74889,152726,49398,5790.44897,1406.44899,4384,100,946,4284,6650,31150,68239,258765,460.449
01/01/86,187397,72398,164107,118454,5472.23199,844.23199,4628,91,482,4537,3846,23290,68552,259795,362.232
01/02/86,203020,64411,181475,131108,5071.82397,827.82399,4244,82,447,4162,4041,21545,60370,267431,380.824
01/03/86,240518,81792,218222,135549,6130.25696,1030.25699,5100,93,554,5007,4084,22296,77708,322310,476.257
01/04/86,162673,76478,138485,69211,5258.48499,800.48499,4458,94,459,4364,7078,24188,69400,239151,341.485
01/05/86,146356,83665,125236,46674,5658.12396,924.12399,4734,0,565,4734,0,21120,83665,230021,359.124
01/06/86,168018,67871,134921,73080,5599.89899,1125.89899,4474,0,740,4474,0,33097,67871,235889,385.899
01/07/86,161300,77486,129801,29778,5758.04297,1090.04298,4668,0,700,4668,0,31499,77486,238786,390.043
01/08/86,169684,83655,138552,52512,5972.99097,1134.99098,4838,0,725,4838,0,31132,83655,253339,409.991
01/09/86,113493,71234,83402,-11017,5233.50397,951.504,4282,76,701,4206,4295,30091,66939,184727,250.504
01/10/86,143051,72232,114383,24986,5439.43597,998.43599,4441,90,669,4351,4068,28668,68164,215283,329.436
01/11/86,178792,79018,154583,81548,5712.02496,1166.02498,4546,94,752,4452,4983,24209,74035,257810,414.025
01/12/86,242366,80308,208565,97200,6184.13794,1364.13799,4820,93,839,4727,5174,33801,75134,322674,525.138
01/01/87,242653,84781,226393,173328,5643.48199,937.48199,4706,93,481,4613,4098,16260,80683,327434,456.482
01/02/87,259968,74719,242173,192061,5294.61298,950.613,4344,84,478,4260,4307,17795,70412,334687,472.613
01/03/87,271193,77719,254861,187088,5896.65894,1138.65898,4758,95,605,4663,4352,16332,73367,348912,533.659
01/04/87,217758,82534,194878,88343,5860.67499,1173.67499,4687,96,722,4591,7543,22880,74991,300292,451.675
01/05/87,204008,71833,168445,87278,6013.77399,1299.77399,4714,0,881,4714,0,35563,71833,275841,418.774
01/06/87,186618,77600,161374,74364,5259.34497,1111.34499,4148,0,678,4148,0,25244,77600,264218,433.345
01/07/87,210442,82873,176648,55876,5814.41296,1317.41298,4497,0,862,4497,0,33794,82873,293315,455.413
01/08/87,200423,89324,177094,67013,5849.37,1164.37,4685,0,715,4685,0,23329,89324,289747,449.37
01/09/87,145560,71454,120042,17850,5241.03998,1021.03999,4220,78,711,4142,4578,25518,66876,217014,310.04
01/10/87,187927,71260,159102,53431,5493.25696,1264.25699,4229,92,867,4137,4335,28825,66925,259187,397.257
01/11/87,208198,66488,176306,85479,5567.39197,1366.39198,4201,96,919,4105,5310,31892,61178,274686,447.392
01/12/87,258327,95868,217080,91682,6396.21497,1616.21498,4780,95,1035,4685,5513,41247,90355,354195,581.215
01/01/88,285379,97306,257721,172785,5658.54596,1070.54599,4588,104,554,4484,4905,27658,92401,382685,516.546
01/02/88,323448,83715,293734,217407,5733.74799,1230.74799,4503,94,686,4409,5154,29714,78561,407163,544.748
01/03/88,341879,106662,316452,223576,6490.02197,1276.02199,5214,106,640,5108,5208,25427,101454,448541,636.022
01/04/88,239247,103658,219805,119232,5822.24298,1051.24298,4771,108,586,4663,9027,19442,94631,342905,465.243
01/05/88,194149,82663,171961,65109,5659.63995,968.64,4691,0,558,4691,0,22188,82663,276812,410.64
01/06/88,202604,86779,174949,46878,5793.64398,1085.64398,4708,0,654,4708,0,27655,86779,289383,431.644
01/07/88,235083,84839,200200,12768,6021.08594,1328.08598,4693,0,833,4693,0,34883,84839,319922,495.086
01/08/88,231255,89637,192495,19544,6082.68298,1375.683,4707,0,937,4707,0,38760,89637,320892,438.683
01/09/88,159779,88119,128206,-5364,5655.85095,1112.851,4543,87,810,4456,5478,31573,82641,247898,302.851
01/10/88,177682,96061,143095,-26433,6120.633,1166.633,4954,103,811,4851,5188,34587,90873,273743,355.633
01/11/88,205820,110646,180756,6729,6047.54199,1059.54199,4988,107,634,4881,6355,25064,104291,316466,425.542
01/12/88,305840,115864,264895,-5570,6541.48297,1414.48299,5127,106,745,5021,6598,40945,109266,421704,669.483
01/01/89,306487,101382,276863,84742,5876.68097,1229.68098,4647,117,725,4530,5694,29624,95688,407869,504.681
01/02/89,289502,101206,264139,116471,5874.41095,1138.411,4736,105,644,4631,5984,25363,95222,390708,494.411
01/03/89,371796,117210,326334,141425,6600.49396,1485.49399,5115,119,860,4996,6047,45462,111163,489006,625.494
01/04/89,278355,112480,244623,104662,5893.39294,1236.39299,4657,121,774,4536,10480,33732,102000,390835,462.393
01/05/89,232260,98035,195175,31391,5916.93994,1138.93999,4778,0,722,4778,0,37085,98035,330295,416.94
01/06/89,236581,117187,209587,41758,5957.68396,1039.68399,4918,0,585,4918,0,26994,117187,353768,454.684
01/07/89,265952,118148,226451,6732,6285.92999,1148.92999,5137,0,664,5137,0,39501,118148,384100,484.93
01/08/89,259329,127360,229970,-8484,6229.10199,1164.10199,5065,0,646,5065,0,29359,127360,386689,518.102
01/09/89,220190,116992,175561,18489,6000.40497,1229.40498,4771,98,806,4673,6360,44629,110632,337182,423.405
01/10/89,252221,113951,204506,19151,6072.521,1267.521,4805,116,802,4689,6023,47715,107928,366172,465.521
01/11/89,282202,131792,245710,51576,6269.54498,1253.54498,5016,121,704,4895,7378,36492,124414,413994,549.545
01/12/89,392610,178626,355077,-33292,7022.97998,1631.97998,5391,119,846,5272,7660,37533,170966,571236,785.98
01/01/90,325556,156438,295253,93196,6634.62299,1091.62299,5543,114,566,5429,6080,30303,150358,481994,525.623
01/02/90,358904,137592,325747,98002,6317.57697,1116.57698,5201,102,574,5099,6389,33157,131203,496496,542.577
01/03/90,401766,154558,368797,113734,7418.95197,1397.95198,6021,116,766,5905,6456,32969,148102,556324,631.952
01/04/90,359698,139621,320513,20388,6699.46594,1353.46599,5346,118,822,5228,11189,39185,128432,499319,531.466
01/05/90,310109,119112,251139,6953,6918.14594,1481.14598,5437,0,1017,5437,0,58970,119112,429221,464.146
01/06/90,287977,121841,248342,-33976,6711.63196,1387.63199,5324,0,870,5324,0,39635,121841,409818,517.632
01/07/90,307724,118759,259297,-58774,6592.01099,1504.01099,5088,0,976,5088,0,48427,118759,426483,528.011
01/08/90,301150,129959,267208,-36661,6645.10498,1337.105,5308,0,810,5308,0,33942,129959,431109,527.105
01/09/90,237678,131319,190162,-29214,6673.33899,1283.33899,5390,95,909,5295,6790,47516,124529,368997,374.339
01/10/90,282881,126760,231053,-54194,7222.38599,1604.38599,5618,113,1153,5505,6431,51828,120329,409641,451.386
01/11/90,335220,118024,277802,-34590,6793.47998,1653.47998,5140,117,1124,5023,7878,57418,110146,453244,529.48
01/12/90,425094,138585,365565,-77250,7473.93597,1960.93599,5513,116,1192,5397,8179,59529,130406,563679,768.936
01/01/91,320478,101222,290119,70030,5753.21796,1229.21799,4524,153,730,4371,7816,30359,93406,421700,499.218
01/02/91,354307,104275,318069,109679,5891.49396,1308.49399,4583,137,802,4446,8213,36238,96062,458582,506.494
01/03/91,445171,131413,406042,93513,7136.80994,1404.80998,5732,155,751,5577,8299,39129,123114,576584,653.81
01/04/91,376693,131721,318018,50855,6587.22595,1373.22598,5214,158,870,5056,14384,58675,117337,508414,503.226
01/05/91,343546,150392,289362,-5050,7092.90497,1437.90498,5655,0,943,5655,0,54184,150392,493938,494.905
01/06/91,363225,114536,322540,10770,6363.76996,1343.76999,5020,0,809,5020,0,40685,114536,477761,534.77
01/07/91,356946,132694,310039,-33827,6877.65399,1493.65399,5384,0,946,5384,0,46907,132694,489640,547.654
01/08/91,382255,130772,322667,-18851,6894.72296,1458.72299,5436,0,916,5436,0,59588,130772,513027,542.723
01/09/91,254126,129599,209287,-47562,5963.49298,1027.493,4936,128,656,4808,8729,44839,120870,383725,371.493
01/10/91,315187,156375,258707,-28479,6924.70795,1255.70799,5669,151,791,5518,8267,56480,148108,471562,464.708
01/11/91,357366,147029,311191,6602,6914.81396,1240.814,5674,157,704,5517,10127,46175,136902,504395,536.814
01/12/91,469983,189751,427623,-61481,7737.92694,1492.92699,6245,155,777,6090,10514,42360,179237,659734,715.927
01/01/92,395484,141472,350703,51808,6683.02795,1308.028,5375,144,727,5231,11272,44781,130200,536956,581.028
01/02/92,427321,126989,384143,125011,6518.62097,1345.62099,5173,151,764,5022,10118,43178,116871,554310,581.621
01/03/92,433677,143796,386749,106463,7273.19299,1394.19299,5879,153,772,5726,11457,46928,132339,577473,622.193
01/04/92,358553,145982,302361,-61489,7860.83698,1829.83699,6031,264,1338,5767,11631,56192,134351,504535,491.837
01/05/92,336754,117535,275433,-26812,6722.12897,1650.12898,5072,0,1197,5072,0,61321,117535,454289,453.129
01/06/92,347558,127408,304924,-18460,6484.47595,1302.476,5182,0,813,5182,0,42634,127408,474966,489.476
01/07/92,369347,133117,318424,-42808,7322.71295,1395.71298,5927,0,861,5927,0,50923,133117,502464,534.713
01/08/92,355151,129958,305520,-32212,6917.74194,1331.74199,5586,0,821,5586,0,49631,129958,485109,510.742
01/09/92,273056,118387,226034,-95943,6868.30096,1186.30099,5682,160,812,5522,9433,47022,108954,391443,374.301
01/10/92,323216,139795,275495,-75069,6720.52295,1258.52299,5462,152,769,5310,11138,47721,128657,463011,489.523
01/11/92,381833,145645,326203,-1679,7106.21899,1469.21899,5637,186,942,5451,11604,55630,134041,527478,527.219
01/12/92,469176,143660,411806,48563,7582.53595,1674.536,5908,193,978,5715,11446,57370,132214,612836,696.536
01/01/93,404350,137279,366141,159090,7356.53094,1404.53099,5952,195,814,5757,10663,38209,126616,541629,590.531
01/02/93,406719,118649,375403,148114,6291.60999,1159.60999,5132,168,597,4964,9216,31316,109433,525368,562.61
01/03/93,418744,133094,391771,135542,6822.16296,1227.16299,5595,183,599,5412,10338,26973,122756,551838,628.163
01/04/93,350502,143751,309508,4326,7218.20898,1313.20898,5905,193,796,5712,11166,40994,132585,494253,517.209
01/05/93,334722,122485,306886,27724,6618.07697,1033.077,5585,0,535,5585,0,27836,122485,457207,498.077
01/06/93,346981,110748,303317,46954,6259.55896,1317.55899,4942,0,809,4942,0,43664,110748,457729,508.559
01/07/93,414313,109336,367165,14184,6698.87299,1467.87299,5231,0,861,5231,0,47148,109336,523649,606.873
01/08/93,337061,120950,312292,-1741,6491.56696,1108.56699,5383,0,588,5383,0,24769,120950,458011,520.567
01/09/93,258716,124303,223484,-41946,6565.63696,1131.63698,5434,178,757,5256,9655,35232,114648,383019,374.637
01/10/93,341711,149663,281707,-26992,7417.84296,1463.84299,5954,195,980,5759,11625,60004,138038,491374,483.843
01/11/93,392129,160259,321767,60870,7231.30695,1541.30699,5690,186,1002,5504,12448,70362,147811,552388,539.307
01/12/93,558150,172394,459823,79067,8044.65094,2271.65097,5773,189,1477,5584,13390,98327,159004,730544,794.651
01/01/94,433840,133783,385017,178390,7024.39496,1304.39499,5720,158,690,5562,8886,48823,124897,567623,614.395
01/02/94,446748,112687,401256,217871,6641.51398,1320.51398,5321,212,715,5109,10529,45492,102158,559435,605.514
01/03/94,477640,143605,428516,189711,7496.25897,1565.25899,5931,231,865,5700,11792,49124,131813,621245,700.259
01/04/94,382334,129580,340922,103980,6743.12299,1254.12299,5489,203,710,5286,10612,41412,118968,511914,544.123
01/05/94,357057,122594,310524,47241,6759.69598,1228.696,5531,0,735,5531,0,46533,122594,479651,493.696
01/06/94,361521,114863,304140,48861,6286.64197,1343.64198,4943,0,822,4943,0,57381,114863,476384,521.642
01/07/94,421526,125256,361460,47838,6929.94794,1578.94798,5351,0,944,5351,0,60066,125256,546782,634.948
01/08/94,357248,118979,310847,37366,6872.37195,1354.37199,5518,0,838,5518,0,46401,118979,476227,516.372
01/09/94,292675,114070,245520,-25785,6493.99396,1164.99399,5329,190,740,5139,8500,47155,105570,406745,424.994
01/10/94,356919,124883,299585,-5117,6920.23694,1490.23698,5430,197,972,5233,11000,57334,113883,481802,518.237
01/11/94,393208,124120,341850,59463,7063.45197,1599.45198,5464,188,1022,5276,11000,51358,113120,517328,577.452
01/12/94,573816,144523,524798,125951,7912.37195,1977.37198,5935,191,994,5744,12000,49018,132523,718339,983.372
01/01/95,433664,121755,368235,286416,7166.12299,1737.12299,5429,156,1061,5273,11980,65429,109775,555419,676.123
01/02/95,431133,103567,392623,330434,6376.96094,1385.96098,4991,137,727,4854,9908,38510,93659,534700,658.961
01/03/95,438844,131925,396845,382561,7422.77899,1594.77899,5828,155,861,5673,10533,41999,121392,570769,733.779
01/04/95,382358,119498,327101,251307,7161.61896,1572.61899,5589,151,968,5438,9258,55257,110240,501856,604.619
01/05/95,321215,136427,264679,187597,7546.98798,1549.98799,5997,134,1034,5863,8834,56536,127593,457642,515.988
01/06/95,372368,125004,317652,255387,7102.16699,1666.16699,5436,100,1057,5336,5811,54716,119193,497372,609.167
01/07/95,402046,127131,336146,234339,7244.99597,1957.99599,5287,133,1293,5154,6634,65900,120497,529177,664.996
01/08/95,313800,128802,266603,145928,6939.57898,1559.57899,5380,121,1012,5259,6829,47197,121973,442602,547.579
01/09/95,291021,116593,234398,129437,6647.25098,1585.25099,5062,114,1128,4948,7949,56623,108644,407614,457.251
01/10/95,342332,123331,295554,195658,6776.61298,1366.61299,5410,146,836,5264,8284,46778,115047,465663,530.613
01/11/95,403173,119836,350727,258856,6827.50098,1748.50099,5079,158,1113,4921,10091,52446,109745,523009,635.501
01/12/95,555997,136971,500473,350332,8233.3009,2516.30096,5717,192,1367,5525,11290,55524,125681,692968,1149.301
01/01/96,475510,129093,427000,358719,7029.85,1688.85,5341,239,941,5102,12650,48510,116443,604603,747.85
01/02/96,499399,111587,458000,383354,6821.965,1654.965,5167,198,871,4969,10461,41399,101126,610986,783.965
01/03/96,558038,133563,507000,438002,7781.685,2049.685,5732,210,1125,5522,11122,51038,122441,691601,924.685
01/04/96,420402,124505,358000,292256,7329.938,1876.938,5453,185,1200,5268,9776,62402,114729,544907,676.938
01/05/96,387890,144297,334000,279709,7687.286,1673.286,6014,176,1024,5838,9327,53890,134970,532187,649.286
01/06/96,381153,131686,327000,247813,7475.837,1798.837,5677,116,1045,5561,6136,54153,125550,512839,753.837
01/07/96,409039,149086,340000,231121,8003.878,1928.878,6075,132,1168,5943,7004,69039,142082,558125,760.878
01/08/96,396085,141921,339000,234840,7661.436,1734.436,5927,136,993,5791,7210,57085,134711,538006,741.436
01/09/96,279436,133162,228000,139452,6923.831,1483.831,5440,159,1004,5281,8394,51436,124768,412598,479.831
01/10/96,346141,143710,297000,199059,7385.865,1545.865,5840,165,961,5675,8747,49141,134963,489851,584.865
01/11/96,423455,139261,370000,244950,7600.375,1740.375,5860,201,1023,5659,10654,53455,128607,562716,717.375
01/12/96,533620,164128,485000,319742,8692.27,2219.27,6473,225,1058,6248,11921,48620,152207,697748,1161.27
01/01/97,523247,155465,485000,397591,7743.288,1528.288,6215,251,707,5964,13665,38247,141800,678712,821.288
01/02/97,550802,136443,523000,439247,7341.128,1454.128,5887,208,623,5679,11300,27802,125143,687245,831.128
01/03/97,627692,166238,586000,493245,8422.32,1861.32,6561,221,846,6340,12014,41692,154224,793930,1015.32
01/04/97,417406,131486,388000,263407,7063.404,1437.404,5626,195,731,5431,10560,29406,120926,548892,706.404
01/05/97,388998,163512,354000,278691,7823.763,1520.763,6303,185,827,6118,10075,34998,153437,552510,693.763
01/06/97,438039,144955,397000,302087,7585.448,1648.448,5937,122,837,5815,6628,41039,138327,582994,811.448
01/07/97,459831,177691,428000,277106,7944.861,1681.861,6263,139,794,6124,7566,31831,170125,637522,887.861
01/08/97,401664,152806,369000,212686,7555.777,1530.777,6025,143,785,5882,7789,32664,145017,554470,745.777
01/09/97,316266,156825,272000,120558,7732.906,1454.906,6278,167,908,6111,9068,44266,147757,473091,546.906
01/10/97,349390,155270,319000,163666,7468.79,1314.79,6154,174,655,5980,9449,30390,145821,504660,659.79
01/11/97,442203,152567,408000,229077,7597.676,1620.676,5977,211,822,5766,11509,34203,141058,594770,798.676
01/12/97,615430,151763,557000,306730,8635.667,2297.667,6338,237,1022,6101,12878,58430,138885,767193,1275.667
01/01/98,554583.576,163883.4715,520261,410926.0475,7901.714,1491.313,6410.401,264,618.425,6146.401,14725,34322.576,149158.4715,718467.0475,872.888
01/02/98,524472.62,128801.1405,489652,381366.7605,7158.024,1549.483,5608.541,249,693.84,5359.541,12508,34820.62,116293.1405,653273.7605,855.643
01/03/98,562406.68,163018.545,516533,447675.225,8659.736,1877.081,6782.655,308,929.84,6474.655,15478,45873.68,147540.545,725425.225,947.241
01/04/98,460692.339,173989.3372,423648,232446.6762,8414.537,1642.954,6771.583,194,837.118,6577.583,10578,37044.339,163411.3372,634681.6762,805.836
01/05/98,429581.115,144718.1366,384850,225732.2516,7367.887,1451.491,5916.396,189,692.885,5727.396,10225,44731.115,134493.1366,574299.2516,758.606
01/06/98,445167.092,145322.0231,406638,268163.1151,7218.613,1508.044,5710.569,132,668.374,5578.569,7159,38529.092,138163.0231,590489.1151,839.67
01/07/98,471104.487,168083.7044,416952,218969.1914,8358.207,1817.346,6540.861,140,963.34,6400.861,7688,54152.487,160395.7044,639188.1914,854.006
01/08/98,442121.218,163822.6,401762,229476.818,7701.183,1498.229,6202.954,144,773.816,6058.954,7914,40359.218,155908.6,605943.818,724.413
01/09/98,334927.07,148938.4495,296742,158598.5195,7484.61,1258.927,6225.683,155,718.824,6070.683,8519,38185.07,140419.4495,483865.5195,540.103
01/10/98,399414.523,156180.112,356222,211720.635,8081.037,1456.727,6624.31,163,792.219,6461.31,8945,43192.523,147235.112,555594.635,664.508
01/11/98,467767.252,140008.436,429178,256819.688,7907.465,1668.001,6239.464,146,869.856,6093.464,7998,38589.252,132010.436,607775.688,798.145
01/12/98,541102.925,163023.694,492066,242103.619,8961.105,2172.391,6788.714,162,1058.675,6626.714,10207,49036.925,152816.694,704126.619,1113.716
01/01/99,528204,142861,491372,347094,8410.991,1584.991,6826,311,706,6515,17945,36832,124916,671065,878.991
01/02/99,514468,137041,483511,343950,7750.942,1586.942,6164,274,702,5890,15810,30957,121231,651509,884.942
01/03/99,595218,156778,551148,394555,8901.169,1851.169,7050,301,807,6749,17368,44070,139410,751996,1044.169
01/04/99,469463,150711,426695,237858,8586.483,1672.483,6914,272,842,6642,14593,42768,136118,620174,830.483
01/05/99,444039,139206,398109,212538,8279.475,1687.475,6592,198,889,6394,10623,45930,128583,583245,798.475
01/06/99,465716,131803,437946,230016,7923.567,1493.567,6430,214,595,6216,11481,27770,120322,597519,898.567
01/07/99,472092,151553,431523,159622,9177.451,1961.451,7216,201,989,7015,10553,40569,141000,623645,972.451
01/08/99,408793,139883,378439,177804,8192.259,1446.259,6746,196,665,6550,10290,30354,129593,548676,781.259
01/09/99,294596,131644,264472,54487,7544.054,1151.054,6393,183,604,6210,9608,30124,122036,426240,547.054
01/10/99,369004,140073,332306,134374,8048.069,1327.069,6721,282,619,6439,14805,36698,125268,509077,708.069
01/11/99,455238,131418,418047,204313,8034.548,1508.548,6526,273,632,6253,14333,37191,117085,586656,876.548
01/12/99,488881,164193,448181,185007,9019.718,1771.718,7248,343,779,6905,18008,40700,146185,653074,992.718
01/01/00,549541,156045,492752,295466,8397.276,1615.276,6782,325,758,6457,18850,56789,137195,705586,857.276
01/02/00,590453,152432,548610,356062,8411.445,1563.445,6848,351,646,6497,20358,41843,132074,742885,917.445
01/03/00,684300,170340,625591,440676,9182.019,1871.019,7311,381,780,6930,22098,58709,148242,854640,1091.019
01/04/00,505714,160479,454601,198193,8649.621,1785.621,6864,303,914,6561,17574,51113,142905,666193,871.621
01/05/00,491989,145982,440666,210250,8366.134,1675.134,6691,248,840,6443,14384,51323,131598,637971,835.134
01/06/00,583776,140147,530891,294953,8737.112,1819.112,6918,221,848,6697,12818,52885,127329,723923,971.112
01/07/00,578969,149931,521421,174000,9078.341,2033.341,7045,228,1013,6817,13224,57548,136707,728900,1020.341
01/08/00,470988,155270,424119,152797,8907.043,1635.043,7272,239,841,7033,13862,46869,141408,626258,794.043
01/09/00,381904,142562,337955,77487,8480.756,1381.756,7099,214,788,6885,12412,43949,130150,524466,593.756
01/10/00,454158,152651,407178,164850,8819.385,1504.385,7315,298,797,7017,17284,46980,135367,606809,707.385
01/11/00,535810,160859,482922,217527,9094.599,1764.599,7330,332,839,6998,19256,52888,141603,696669,925.599
01/12/00,607803,172105,549464,212800,9549.626,1992.626,7557,327,986,7230,18966,58339,153139,779908,1006.626
01/01/01,626437,162959,566502,322194,9366.842,1762.842,7604,379,859,7225,21982,59935,140977,789396,903.842
01/02/01,628977,154111,588359,336069,8616.056,1526.056,7090,380,581,6710,22040,40618,132071,783088,945.056
01/03/01,735079,167364,671851,440922,9178.552,2134.552,7044,380,1044,6664,22040,63228,145324,902443,1090.552
01/04/01,605019,157425,538477,212617,8666.573,1846.573,6820,321,947,6499,18618,66542,138807,762444,899.573
01/05/01,549605,154245,489347,200815,8591.051,1723.051,6868,309,896,6559,17922,60258,136323,703850,827.051
01/06/01,594257,148231,543152,263425,8419.001,1755.001,6664,229,803,6435,13282,51105,134949,742488,952.001
01/07/01,598984,154532,549374,166243,8515.095,1831.751,6683.344,243.344,827,6440,13384,49610,141148,753516,1004.751
01/08/01,511712,146959,461322,166692,8412.094,1649.818,6762.276,255.276,824,6507,14041,50390,132918,658671,825.818
01/09/01,288087,117799,259935,60513,6297.73,1051.125,5246.605,221.605,592,5025,12188,28152,105611,405886,459.125
01/10/01,343891,161960,316380,111754,7697.779,1227.088,6470.691,312.691,659,6158,17198,27511,144762,505851,568.088
01/11/01,478784,151833,429932,209988,7789.572,1460.105,6329.467,365.467,707,5964,20101,48852,131732,630617,753.105
01/12/01,577539,184816,526752,207499,9168.49,1842.497,7325.993,408.993,920,6917,22495,50787,162321,762355,922.497
01/01/02,561762,187433,509982,282664,9286.466,1604.617,7681.849,436.849,840,7245,24027,51780,163406,749195,764.617
01/02/02,580437,167787,543039,305953,8428.014,1410.336,7017.678,388.678,590,6629,21377,37398,146410,748224,820.336
01/03/02,741758,174408,661532,357025,8962.331,2137.882,6824.449,470.449,1105,6354,25874,80226,148534,916166,1032.882
01/04/02,558659,172077,480423,202111,8584.8,1962.738,6622.062,458.062,1195,6164,25193,78236,146884,730736,767.738
01/05/02,504540,167259,458180,181242,8041.842,1591.087,6450.755,437.755,853,6013,24077,46360,143182,671799,738.087
01/06/02,573930,168475,525236,269380,7665.768,1587.63,6078.138,331.138,696,5747,18213,48694,150262,742405,891.63
01/07/02,616701,171393,568297,229386,7641.504,1634.625,6006.879,357.879,677,5649,19683,48404,151710,788094,957.625
01/08/02,530344,174654,481293,209130,7759.809,1500.839,6258.97,364.97,702,5894,20073,49051,154581,704998,798.839
01/09/02,356125,168295,322906,66247,7633.852,1153.702,6480.15,300.15,618,6180,16508,33219,151787,524420,535.702
01/10/02,454181,190291,414719,182644,8103.336,1283.57,6819.766,434.766,602,6385,23912,39462,166379,644472,681.57
01/11/02,553173,180370,496499,234318,8404.532,1643.526,6761.006,557.006,811,6204,30635,56674,149735,733543,832.526
01/12/02,693049,210885,621632,278217,9641.931,2156.125,7485.806,597.806,1095,6888,32879,71417,178006,903934,1061.125
01/01/03,636397,169595,580944,288646,8023.428,1589.665,6433.763,542.763,738,5891,31480,55453,138115,805992,851.665
01/02/03,658892,173182,628027,376475,7625.544,1351.962,6273.582,453.582,463,5820,26308,30865,146874,832074,888.962
01/03/03,727033,182763,692133,468430,7681.686,1562.722,6118.964,567.964,550,5551,32942,34900,149821,909796,1012.722
01/04/03,600431,172927,542200,227360,7476.918,1561.981,5914.937,541.937,734,5373,31433,58231,141494,773358,827.981
01/05/03,543441,169619,491670,197348,7369.688,1527.209,5842.479,363.479,760,5479,21082,51771,148537,713060,767.209
01/06/03,623629,160109,572843,289926,7262.756,1618.269,5644.487,286.487,691,5358,16616,50786,143493,783738,927.269
01/07/03,672015,165179,617974,245589,7443.603,1708.314,5735.289,312.289,709,5423,18113,54041,147066,837194,999.314
01/08/03,575189,174340,529347,219442,7568.049,1466.081,6101.968,305.968,639,5796,17746,45842,156594,749529,827.081
01/09/03,392206,175397,344643,82024,7360.348,1238.786,6121.562,286.562,689,5835,16621,47563,158776,567603,549.786
01/10/03,471706,182798,433595,151629,7582.299,1307.435,6274.864,410.864,618,5864,23830,38111,158968,654504,689.435
01/11/03,587900,190109,546833,237668,8156.704,1584.535,6572.169,419.169,712,6153,24312,41067,165797,778009,872.535
01/12/03,762876,194001,699923,323908,8778.819,2148.425,6630.394,483.394,1009,6147,28037,62953,165964,956877,1139.425
01/01/04,710538,198944.215,660927,363036.215,8123.151,1642.938,6480.213,590.213,716,5890,38437.215,49611,160507,909482.215,926.938
01/02/04,776184,193293.221,731475,460837.221,8070.284,1700.052,6370.232,523.232,710,5847,34084.221,44709,159209,969477.221,990.052
01/03/04,835723,211964.306,786597,538187.306,8643.839,1818.965,6824.874,661.874,728,6163,43678.306,49126,168286,1047687.306,1090.965
01/04/04,707533,206426.547,660393,318442.547,8349.146,1672.202,6676.944,676.944,722,6000,43890.547,47140,162536,913959.547,950.202
01/05/04,638045,189870.62,584114,261281.62,8029.096,1651.113,6377.983,435.983,790,5942,27670.62,53931,162200,827915.62,861.113
01/06/04,702951,168907.706,655097,346663.706,7489.852,1746.528,5743.324,364.324,724,5379,23611.706,47854,145296,871858.706,1022.528
01/07/04,745122,189677.063,699819,294613.063,8184.456,1837.871,6346.585,413.585,727,5933,27140.063,45303,162537,934799.063,1110.871
01/08/04,644514,189635.184,590818,266152.184,8023.886,1620.029,6403.857,365.857,733,6038,23777.184,53696,165858,834149.184,887.029
01/09/04,459171,189395.898,409565,94401.898,7667.98,1356.744,6311.236,433.236,717,5878,27741.898,49606,161654,648566.898,639.744
01/10/04,589887,209370.716,542326,221892.716,8209.053,1505.463,6703.59,564.59,700,6139,35437.716,47561,173933,799257.716,805.463
01/11/04,672137,212038.447,628564,280746.447,8384.355,1680.711,6703.644,681.644,722,6022,44505.447,43573,167533,884175.447,958.711
01/12/04,900434,253793.306,833758,390282.306,10074.608,2385.132,7689.476,781.476,1076,6908,50826.306,66676,202967,1154227.306,1309.132
01/01/05,833189,217572.439,787140,439594.439,8480.951,1808.858,6672.093,728.093,728,5944,49339.439,46049,168233,1050761.439,1080.858
01/02/05,901586,210531.741,855660,554467.741,8261.27,1826.681,6434.589,717.589,714,5717,48913.741,45926,161618,1112117.741,1112.681
01/03/05,1051688,240999.558,997375,704028.558,9452.889,2115.939,7336.95,834.95,762,6502,57087.558,54313,183912,1292687.558,1353.939
01/04/05,806942,225713.149,757526,378115.149,8676.908,1777.593,6899.315,726.315,726,6173,49073.149,49416,176640,1032655.149,1051.593
01/05/05,728380,215539.878,672079,320729.878,8513.595,1777.594,6736.001,460.001,797,6276,30279.878,56301,185260,943919.878,980.594
01/06/05,819144,205126.004,766089,437657.004,8242.622,1920.281,6322.341,414.341,733,5908,28176.004,53055,176950,1024270.004,1187.281
01/07/05,824793,221440.527,760717,398067.527,8894.137,2143.795,6750.342,337.342,929,6413,22958.527,64076,198482,1046233.527,1214.795
01/08/05,684333,206190.913,628991,301956.913,8002.175,1687.116,6315.059,403.059,740,5912,27338.913,55342,178852,890523.913,947.116
01/09/05,527973,223962.698,472457,83411.698,8179.075,1506.265,6672.81,306.81,780,6366,20530.698,55516,203432,751935.698,726.265
01/10/05,559764,222209.156,508964,170755.156,8511.574,1520.22,6991.354,508.354,716,6483,32876.156,50800,189333,781973.156,804.22
01/11/05,569813,217649.621,523087,133616.621,8307.688,1555.668,6752.02,545.02,727,6207,36812.621,46726,180837,787462.621,828.668
01/12/05,838720,250149.037,772310,280620.037,9623.183,2274.907,7348.276,725.276,1029,6623,49224.037,66410,200925,1088869.037,1245.907
01/01/06,806458,229247.404,761100,410819.404,8609.065,1745.189,6863.876,712.876,734,6151,50744.404,45358,178503,1035705.404,1011.189
01/02/06,826838,212819.687,780379,465120.687,8013.282,1760.534,6252.748,622.748,719,5630,44158.687,46459,168661,1039657.687,1041.534
01/03/06,971573,233348.622,918926,604480.622,8791.654,2014.892,6776.762,705.762,753,6071,50455.622,52647,182893,1204921.622,1261.892
01/04/06,862301,219886.806,813288,314068.806,8554.117,1844.948,6709.169,645.169,733,6064,45187.806,49013,174699,1082187.806,1111.948
01/05/06,708861,241741.055,653608,280831.055,8560.247,1708.604,6851.643,402.643,748,6449,27424.055,55253,214317,950602.055,960.604
01/06/06,797617,177071.099,750440,331323.099,7479.71,1835.062,5644.648,320.648,704,5324,22444.099,47177,154627,974688.099,1131.062
01/07/06,881651,210866.967,828086,338045.967,8091.257,1951.096,6140.161,346.161,734,5794,24594.967,53565,186272,1092517.967,1217.096
01/08/06,675271,182048,625093,223485,7376.497,1622.49,5754.007,358.007,697,5396,25105,50178,156943,857319,925.49
01/09/06,514919,190769.34,471857,76675.34,7313.256,1363.806,5949.45,318.45,687,5631,22529.34,43062,168240,705688.34,676.806
01/10/06,642998,216448.734,594705,208841.734,7631.433,1474.564,6156.869,595.869,651,5561,40308.734,48293,176140,859446.734,823.564
01/11/06,796870,214051.121,751706,316250.121,7711.645,1680.911,6030.734,677.734,666,5353,47488.121,45164,166563,1010921.121,1014.911
01/12/06,1074063,288846.758,1005427,498364.758,9568.832,2350.509,7218.323,810.323,919,6408,57875.758,68636,230971,1362909.758,1431.509
01/01/07,956049.489,259464.855,907243.885,616752.77,8233.364,1704.042,6529.322,864.442,596.007,5664.88,64585.298,48805.604,194879.557,1215514.344,1108.035
01/02/07,940804.08,243620.613,899593.339,607981.18,7965.899,1665.748,6300.151,709.279,561.09,5590.872,52101.153,41210.741,191519.46,1184424.693,1104.658
01/03/07,1058142.297,258656.004,1014961.186,693658.514,8348.169,1937.754,6410.415,848.365,601.416,5562.05,62611.902,43181.111,196044.102,1316798.301,1336.338
01/04/07,880478.729,219593.077,815783.383,310040.018,7930.796,1962.371,5968.425,772.015,868.187,5196.41,56410.884,64695.346,163182.193,1100071.806,1094.184
01/05/07,747205.029,195694.815,686999.676,273622.489,7564.737,1778.53,5786.207,416.452,817.617,5369.755,29435.538,60205.353,166259.277,942899.844,960.913
01/06/07,879973.236,182391.575,822377.957,387087.624,7383.179,1942.63,5440.549,387.604,782.116,5052.945,27689.855,57595.279,154701.72,1062364.811,1160.514
01/07/07,937198.228,182715.428,877413.37,362178.929,7488.809,2014.759,5474.05,369.921,792.189,5104.129,26741.598,59784.858,155973.83,1119913.656,1222.57
01/08/07,765491.439,177934.528,706705.2,215592.35,7445.548,1770.531,5675.017,363.311,793.514,5311.706,25511.262,58786.239,152423.266,943425.967,977.017
01/09/07,592646.19,163121.475,549370.227,109589.974,6682.765,1341.022,5341.743,287.855,618.517,5053.888,19373.273,43275.963,143748.202,755767.665,722.505
01/10/07,680076.378,202952.813,635278.624,161564.274,7750.224,1481.586,6268.638,617.254,634.366,5651.384,41969.742,44797.754,160983.071,883029.191,847.22
01/11/07,802055.191,221065.267,759053.773,278252.5,7848.497,1660.689,6187.808,636.842,622.063,5550.966,44080.674,43001.418,176984.593,1023120.458,1038.626
01/12/07,1126857.265,244857.696,1062373.341,441174.734,8940.031,2346.092,6593.939,669.398,878.104,5924.541,47842.008,64483.924,197015.688,1371714.961,1467.988
01/01/08,1062994.75,220511.224,1013478.739,648232.907,7939.455,1816.081,6123.374,722.125,647.769,5401.249,53708.454,49516.011,166802.77,1283505.974,1168.312
01/02/08,1076114.584,220004.461,1035919.523,669266.245,7876.296,1764.556,6111.74,655.749,541.822,5455.991,49279.164,40195.061,170725.297,1296119.045,1222.734
01/03/08,1166860.701,237203.806,1119871.107,713004.724,8672.365,2089.004,6583.361,702.053,630.185,5881.308,52546.677,46989.594,184657.129,1404064.507,1458.819
01/04/08,902941.413,218528.391,835999.561,405047.413,7691.86,1887.887,5803.973,670.844,821.003,5133.129,49697.314,66941.852,168831.077,1121469.804,1066.884
01/05/08,869668.967,206323.673,806539.643,371427.228,7746.616,1934.02,5812.596,423.24,884.577,5389.356,30825.634,63129.324,175498.039,1075992.64,1049.443
01/06/08,949841.706,195243.162,881546.391,426349.556,7618.44,2065.124,5553.316,377.242,878.558,5176.074,28055.799,68295.315,167187.363,1145084.868,1186.566
01/07/08,952352.279,195340.079,877291.844,350560.24,7945.765,2173.583,5772.182,345.906,943.759,5426.276,24753.964,75060.435,170586.115,1147692.358,1229.824
01/08/08,854649.197,200494.15,787536.255,368492.633,7398.551,1798.135,5600.416,385.514,769.889,5214.902,28319.349,67112.942,172174.801,1055143.347,1028.246
01/09/08,565082.678,167658.837,512173.811,55021.101,6493.116,1471.809,5021.307,322.059,780.721,4699.248,23200.158,52908.867,144458.679,732741.515,691.088
01/10/08,657071.799,202160.687,605951.082,157396.088,7355.473,1530.511,5824.962,605.963,703.053,5218.999,44100.356,51120.717,158060.331,859232.486,827.458
01/11/08,807726.01,207278.23,747346.975,285374.24,7572.585,1971.968,5600.617,612.166,918.657,4988.451,46370.961,60379.035,160907.269,1015004.24,1053.311
01/12/08,995228.912,238382.787,928748.232,351809.049,8637.129,2427.907,6209.222,668.21,985.473,5541.012,52116.664,66480.68,186266.123,1233611.699,1442.434
01/01/09,1009562.838,190028.922,950964.59,630580.752,7674.98,2077.693,5597.287,644.047,899.705,4953.24,52276.489,58598.248,137752.433,1199591.76,1177.988
01/02/09,1022548.089,176562.496,980672.629,652956.159,7172.328,1954.128,5218.2,593.5,760.341,4624.7,48017.185,41875.46,128545.311,1199110.585,1193.787
01/03/09,1072181.924,191342.808,1022507.049,727424.442,7940.86,2106.319,5834.541,634.091,776.482,5200.45,51889.561,49674.875,139453.247,1263524.732,1329.837
01/04/09,906095.688,190378.849,853117.919,495207.877,7543.98,1977.577,5566.403,581.793,823.978,4984.61,46196.302,52977.769,144182.547,1096474.537,1153.599
01/05/09,406516.728,141844.058,357667.067,69998.967,6283.046,1306.248,4976.798,27.933,796.932,4948.865,2124.835,48849.661,139719.223,548360.786,509.316
01/06/09,676029.603,150663.646,631538.586,293547.481,6728.915,1606.592,5122.323,173.803,664.913,4948.52,12715.584,44491.017,137948.062,826693.249,941.679
01/07/09,777012.285,170420.73,714681.134,273290.74,7570.811,2094.915,5475.896,396.934,893.746,5078.962,32625.001,62331.151,137795.729,947433.015,1201.169
01/08/09,701678.848,166074.177,645916.347,278680.847,7269.156,1847.136,5422.02,376.376,822.181,5045.644,30465.11,55762.501,135609.067,867753.025,1024.955
01/09/09,489991.842,159663.463,447779.179,77923.187,6745.538,1380.908,5364.63,382.933,752.879,4981.697,29923.09,42212.663,129740.373,649655.305,628.029
01/10/09,599053.053,176994.978,553764.542,163839.784,7301.462,1615.172,5686.29,580.918,813.943,5105.372,43841.226,45288.511,133153.752,776048.031,801.229
01/11/09,792796.787,168796.717,748530.587,281246.842,7316.999,1895.711,5421.288,549.403,799.091,4871.885,42588.702,44266.2,126208.015,961593.504,1096.62
01/12/09,977288.001,199145.454,919867.293,360660.109,8495.968,2483.859,6012.109,758.914,1040.615,5253.195,61205.233,57420.708,137940.221,1176433.455,1443.244
01/01/10,967794.147,184586.609,919477.968,581867.502,7244.053,1944.306,5299.747,634.497,785.934,4665.25,55217.015,48316.179,129369.594,1152380.756,1158.372
01/02/10,998553.738,169218.266,963340.315,677973.021,6650.616,1817.356,4833.26,551.385,637.215,4281.875,48406.319,35213.423,120811.947,1167772.004,1180.141
01/03/10,1104106.604,201543.402,1063757.202,739238.885,7756.52,2098.005,5658.515,707.139,728.066,4951.376,62188.589,40349.402,139354.813,1305650.006,1369.939
01/04/10,837865.82,179921.735,801910.532,421274.935,7227.091,1868.964,5358.127,583.847,719.623,4774.28,50628.761,35955.288,129292.974,1017787.555,1149.341
01/05/10,717957.187,173784.623,665304.518,310166.862,6885.042,1814.825,5070.217,394.09,861.368,4676.127,34374.524,52652.669,139410.099,891741.81,953.457
01/06/10,781464.687,148780.69,735538.439,381837.001,6670.339,1884.455,4785.884,396.442,749.648,4389.442,35096.815,45926.248,113683.875,930245.377,1134.807
01/07/10,889032.229,144229.46,836348.586,375345.089,6643.915,2137.583,4506.332,386.231,861.728,4120.101,34330.574,52683.643,109898.886,1033261.689,1275.855
01/08/10,742016.25,150738.119,683273.315,285385.045,6482.313,1984.764,4497.549,400.039,951.515,4097.51,35762.495,58742.935,114975.624,892754.369,1033.249
01/09/10,503660.185,151422.047,464479.39,97645.934,5962.029,1457.83,4504.199,393.168,799.487,4111.031,34204.609,39180.795,117217.438,655082.232,658.343
01/10/10,616815.083,155697.674,574083.801,178721.181,6314.747,1764.811,4549.936,409.658,946.252,4140.278,34865.421,42731.282,120832.253,772512.757,818.559
01/11/10,747618.421,155818.225,698670.221,249708.154,6386.883,1950.317,4436.566,529.551,954.718,3907.015,46084.402,48948.2,109733.823,903436.646,995.599
01/12/10,1083947.636,185145.764,1036630.655,437637.55,7729.744,2566.532,5163.212,662.287,966.784,4500.925,57685.829,47316.981,127459.935,1269093.4,1599.748
01/01/11,914927.657,165941.634,870646.013,511432.673,6574.283,2005.567,4568.716,612.116,863.186,3956.6,55700.673,44281.644,110240.961,1080869.291,1142.381
01/02/11,887808.152,150905.411,848359.323,491678.491,6071.875,1842.366,4229.509,531.616,736.497,3697.893,48082.105,39448.829,102823.306,1038713.563,1105.869
01/03/11,1060538.789,185065.288,1019838.926,685791.648,7053.73,2087.202,4966.528,624.178,821.964,4342.35,57095.471,40699.863,127969.817,1245604.077,1265.238
01/04/11,868409.337,179120.354,827792.306,348062.19,6694.822,1974.037,4720.785,530.729,792.083,4190.056,48367.342,40617.031,130753.012,1047529.691,1181.954
01/05/11,718924.171,163374.4,668089.427,240404.009,6391.149,1853.656,4537.493,339.919,928.859,4197.574,30649.292,50834.744,132725.108,882298.571,924.797
01/06/11,798295.836,152817.087,749121.785,345628.359,6191.367,1871.668,4319.699,337.855,833.406,3981.844,30820.329,49174.051,121996.758,951112.923,1038.262
01/07/11,877851.741,141542.76,816362.738,248190.784,6262.714,2287.727,3974.987,288.754,1022.924,3686.233,26758.493,61489.003,114784.267,1019394.501,1264.803
01/08/11,734535.383,139839.101,685619.33,249308.442,6045.782,1862.398,4183.384,368.73,833.722,3814.654,33832.22,48916.053,106006.881,874374.484,1028.676
01/09/11,550747.941,127167.514,506796.073,48758.406,5352.072,1472.709,3879.363,276.94,784.409,3602.423,24222.806,43951.868,102944.708,677915.455,688.3
01/10/11,629124.789,134227.561,584633.852,129717.015,5629.383,1619.025,4010.358,335.747,789.479,3674.611,28756.064,44490.937,105471.497,763352.35,829.546
01/11/11,795701.025,154050.185,754140.529,240563.829,6186.497,1892,4294.497,459.352,774.927,3835.145,40939.726,41560.496,113110.459,949751.21,1117.073
01/12/11,1169470.513,168422.433,1117070.856,497346.186,7278.117,2634.907,4643.21,583.49,984.933,4059.72,53586.588,52399.657,114835.845,1337892.946,1649.974
01/01/12,934146.337,160144.49,891090.547,449066.41,6367.103,1982.372,4384.731,564.754,800.735,3819.977,50166.099,43055.79,109978.391,1094290.827,1181.637
01/02/12,999763.435,161118.048,955431.354,622386.998,6310.611,1907.938,4402.673,546.568,729.604,3856.105,47504.499,44332.081,113613.549,1160881.483,1178.334
01/03/12,1166444.118,180621.181,1121863.217,739679.862,6942.184,2281.063,4661.121,626.019,816.611,4035.102,55008.584,44580.901,125612.597,1347065.299,1464.452
01/04/12,877510.091,170108.66,831188.564,337826.275,6346.292,1881.522,4464.77,490.993,763.091,3973.777,41417.119,46321.527,128691.541,1047618.751,1118.431
01/05/12,778216.004,174366.067,726943.489,279707.779,6405.364,1771.293,4634.071,363.708,826.186,4270.363,30421.35,51272.515,143944.717,952582.071,945.107
01/06/12,879023.699,157875.191,827394.679,424996.171,6262.621,1919.281,4343.34,299.361,761.462,4043.979,26162.107,51629.02,131713.084,1036898.89,1157.819
01/07/12,950550.615,154814.452,893553.808,326320.81,6544.199,2231.649,4312.55,300.49,932.786,4012.06,26126.699,56996.807,128687.753,1105365.067,1298.863
01/08/12,754196.682,149610.144,708484.324,133790.098,6186.151,1812.105,4374.046,304.793,798.814,4069.253,26210.05,45712.358,123400.094,903806.826,1013.291
01/09/12,598314.763,146061.604,555821.066,87508.874,5672.447,1479.487,4192.96,285.12,751.536,3907.84,23416.824,42493.697,122644.78,744376.367,727.951
01/10/12,707335.734,168957.808,664261.308,147724.458,6171.288,1612.251,4559.037,418.537,737.019,4140.5,32614.094,43074.426,136343.714,876293.542,875.232
01/11/12,873736.774,165955.545,830617.544,194883.526,6324.344,1941.881,4382.463,483.344,836.422,3899.119,39179.615,43119.23,126775.93,1039692.319,1105.459
01/12/12,1247158.116,183361.562,1191993.709,546773.818,7216.066,2581.704,4634.362,514.918,983.455,4119.444,42236.839,55164.407,141124.723,1430519.678,1598.249
01/01/13,1054075.393,176800.2,1006420.322,515133.403,6522.11,2013.825,4508.285,543.493,790.728,3964.792,45170.48,47655.071,131629.72,1230875.593,1223.097
01/02/13,1045026.262,165447.693,1005426.795,641701.748,6004.201,1937.436,4066.765,435.757,717.059,3631.008,35476.868,39599.467,129970.825,1210473.955,1220.377
01/03/13,1249067.894,193862.412,1205633.394,789669.249,6971.837,2233.021,4738.816,508.024,730.779,4230.792,40880.182,43434.5,152982.23,1442930.306,1502.242
01/04/13,919158.174,183409.079,875191.705,356157.073,6326.75,1859.874,4466.876,408.606,748.069,4058.27,32137.648,43966.469,151271.431,1102567.253,1111.805
01/05/13,860144.072,168011.893,822809.142,356130.245,6289.098,1771.096,4518.002,280.081,689.694,4237.921,21538.757,37334.93,146473.136,1028155.965,1081.402
01/06/13,1003366.162,152960.982,959113.165,508637.122,6240.972,2062.276,4178.696,215.539,779.228,3963.157,17311.185,44252.997,135649.797,1156327.144,1283.048
01/07/13,1045623.369,163248.729,989579.208,382384.081,6562.793,2211.082,4351.711,252.952,880.302,4098.759,20734.44,56044.161,142514.289,1208872.098,1330.78
01/08/13,872209.909,171634.792,814304.109,199492.671,6592.508,2129.257,4463.251,257.335,1038.055,4205.916,21057.114,57905.8,150577.678,1043844.701,1091.202
01/09/13,658582.227,174894.478,610091.061,71484.251,6088.305,1642.848,4445.457,256.82,861.645,4188.637,19739.572,48491.166,155154.906,833476.705,781.203
01/10/13,813118.925,183605.631,766213.308,152510.86,6457.909,1738.112,4719.797,374.176,778.929,4345.621,26899.235,46905.617,156706.396,996724.556,959.183
01/11/13,988646.198,174753.415,949745.628,323706.361,6821.84,2033.421,4788.419,474.987,819.002,4313.432,35686.604,38900.57,139066.811,1163399.613,1214.419
01/12/13,1344737.933,186595.676,1307011.891,529600.608,7221.848,2518.264,4703.584,547.67,755.128,4155.914,41498.604,37726.042,145097.072,1531333.609,1763.136
01/01/14,1218903.753,169978.901,1164427.099,559903.102,6660.54,2369.212,4291.328,572.27,990.683,3719.058,42849.099,54476.654,127129.802,1388882.654,1378.529
01/02/14,1226261.944,152860.31,1176064.337,772251.989,6314.511,2263.991,4050.52,534.899,917.133,3515.621,39495.306,50197.607,113365.004,1379122.254,1346.858
01/03/14,1479999.611,177067.943,1419085.838,997394.608,7342.408,2735.085,4607.323,648.965,1157.801,3958.358,47600.195,60913.773,129467.748,1657067.554,1577.284
01/04/14,1165719.84,164575.01,1107378.331,548100.965,6687.433,2328.907,4358.526,602.153,1050.546,3756.373,44029.799,58341.509,120545.211,1330294.85,1278.361
01/05/14,1105100.285,152151.795,1042888.079,504197.971,6709.127,2386.88,4322.247,366.211,1183.361,3956.036,26648.394,62212.206,125503.401,1257252.08,1203.519
01/06/14,1259953.183,147281.764,1191019.41,671912.642,6676.561,2500.999,4175.562,295.824,1103.903,3879.738,22040.494,68933.773,125241.27,1407234.947,1397.096
01/07/14,1316546.901,146065.69,1250341.737,622779.547,6804.41,2635.206,4169.204,341.259,1143.147,3827.945,25566.432,66205.164,120499.258,1462612.591,1492.059
01/08/14,1066792.812,144921.104,1003563.167,294065.485,6486.122,2374.148,4111.974,346.181,1181.87,3765.793,25640.111,63229.645,119280.993,1211713.916,1192.278
01/09/14,767731.281,134877.149,712069.397,136535.192,5692.394,1790.834,3901.56,306.442,967.353,3595.118,21975.581,55661.884,112901.568,902608.43,823.481
01/10/14,925626.037,159996.203,867552.813,249985.894,6605.701,2101.381,4504.32,484.259,1074.848,4020.061,33661.409,58073.224,126334.794,1085622.24,1026.533
01/11/14,1168843.428,163326.15,1100134.271,431485.48,7095.951,2553.679,4542.272,599.433,1232.321,3942.839,41375.27,68709.157,121950.88,1332169.578,1321.358
01/12/14,1618511.679,175298.846,1545409.436,813962.139,7966.916,3305.286,4661.63,687.327,1342.741,3974.303,47880.689,73102.243,127418.157,1793810.525,1962.545
01/01/15,1430197.934,168442.652,1368662.302,730941.575,7155.655,2565.843,4589.812,694.441,1088.777,3895.371,47294.984,61535.632,121147.668,1598640.586,1477.066
01/02/15,1356980.924,156927.184,1297357.549,844222.107,6839.041,2471.977,4367.064,608.558,1028.806,3758.506,41117.394,59623.375,115809.79,1513908.108,1443.171
01/03/15,1571171.499,179075.297,1505505.425,1020979.116,7747.441,2843.683,4903.758,664.495,1133.227,4239.263,45408.121,65666.074,133667.176,1750246.796,1710.456
01/04/15,1383551.881,167166.334,1316287.689,690329.508,7170.373,2531.268,4639.105,621.873,1104.723,4017.232,41397.189,67264.192,125769.145,1550718.215,1426.545
01/05/15,1239334.282,153788.494,1165847.008,556898.194,7064.728,2543.468,4521.26,356.228,1180.745,4165.032,23477.353,73487.274,130311.141,1393122.776,1362.723
01/06/15,1362623.16,150548.569,1293263.445,725095.384,7082.798,2736.92,4345.878,338.28,1135.577,4007.598,22724.403,69359.715,127824.166,1513171.729,1601.343
01/07/15,1427499.073,155663.771,1357763.429,684716.795,7474.672,2989.506,4485.166,349.99,1260.433,4135.176,23208.051,69735.644,132455.72,1583162.844,1729.073
01/08/15,1142187.722,144630.786,1079065.649,357686.752,6834.619,2547.932,4286.687,352.228,1166.579,3934.459,23104.217,63122.073,121526.569,1286818.508,1381.353
01/09/15,872431.762,142540.012,810363.71,241034.616,6512.012,2130.081,4381.931,342.108,1067.259,4039.823,21588.87,62068.052,120951.142,1014971.774,1062.822
01/10/15,1049384.793,159834.573,988108.23,351221.176,7209.004,2403.377,4805.627,463.602,1106.714,4342.025,28301.055,61276.563,131533.518,1209219.366,1296.663
01/11/15,1247810.74,159648.979,1181943.351,502392.314,7568.75,2795.43,4773.32,586.565,1236.757,4186.755,36179.262,65867.389,123469.717,1407459.719,1558.673
01/12/15,1742530.616,169762.075,1670870.093,930108.888,8469.54,3533.839,4935.701,736.468,1276.522,4199.233,45349.837,71660.523,124412.238,1912292.691,2257.317
01/01/16,1558540.486,162078.298,1495080.173,861522.555,7807.937,2841.48,4966.457,634.157,1151.705,4332.3,37813.262,63460.313,124265.036,1720618.784,1689.775
01/02/16,1473164.632,168241.041,1417200.772,964723.643,7666.47,2731.343,4935.127,685.235,1048.387,4249.892,40616.781,55963.86,127624.26,1641405.673,1682.956
01/03/16,1730407.603,183604.913,1661474.377,1138905.555,8624.828,3207.36,5417.468,739.05,1224.471,4678.418,44067.278,68933.226,139537.635,1914012.516,1982.889
01/04/16,1454470.483,168256.215,1395490.344,859082.242,7716.538,2683.783,5032.755,581.675,1082.625,4451.08,33984.661,58980.139,134271.554,1622726.698,1601.158
01/05/16,1348546.203,164726.763,1286081.063,672299.933,7664.594,2702.657,4961.937,423.509,1154.318,4538.428,24496.828,62465.14,140229.935,1513272.966,1548.339
01/06/16,1548453.297,153552.89,1487948.746,917284.895,7781.286,2971.9,4809.386,396.932,1148.055,4412.454,23381.135,60504.551,130171.755,1702006.187,1823.845
01/07/16,1697651.33,144951.793,1617703.885,941843.275,7991.349,3331.388,4659.961,386.165,1334.108,4273.796,22327.476,79947.445,122624.317,1842603.123,1997.28
01/08/16,1300773.144,145176.973,1237861.04,491481.731,7387.436,2706.14,4681.296,368.783,1211.809,4312.513,21488.207,62912.104,123688.766,1445950.117,1494.331
01/09/16,1002961.918,146056.502,943691.82,317415.426,7016.953,2323.693,4693.26,393.379,1131.509,4299.881,23404.673,59270.098,122651.829,1149018.42,1192.184
01/10/16,1218798.158,164809.754,1147821.228,453122.879,7847.581,2788.608,5058.973,526.517,1353.131,4532.456,30394.484,70976.93,134415.27,1383607.912,1435.477
01/11/16,1416085.973,168584.29,1353895.918,636371.428,8012.219,2920.902,5091.317,729.259,1208.545,4362.058,43204.949,62190.055,125379.341,1584670.263,1712.357
01/12/16,1947949.677,181809.665,1881542.982,1092630.03,9335.925,3870.111,5465.814,829.985,1366.839,4635.829,48571,66406.695,133238.665,2129759.342,2503.272
01/01/17,1743009.998,184260.734,1674314.459,1024485.796,8270.559,2991.827,5278.732,803.507,1158.496,4475.225,48117.504,68695.539,136143.23,1927270.732,1833.331
01/02/17,1630396.896,167976.848,1571419.263,1136765.719,7789.5,2936.351,4853.149,682.279,1164.006,4170.87,41723.95,58977.633,126252.898,1798373.744,1772.345
01/03/17,1886058.44,187887.444,1810270.049,1361331.858,8902.795,3497.917,5404.878,823.138,1385.994,4581.74,50445.693,75788.391,137441.751,2073945.884,2111.923
01/04/17,1649338.025,183912.124,1571809.076,963184.327,8184.04,3235.508,4948.532,874.995,1369.405,4073.537,55833.898,77528.949,128078.226,1833250.149,1866.103
01/05/17,1467192.465,167035.669,1388408.96,788179.715,7843.937,3084.763,4759.174,478.993,1384.863,4280.181,28934.068,78783.505,138101.601,1634228.134,1699.9
01/06/17,1665111.606,174703.721,1581626.634,1020862.466,8360.238,3474.603,4885.635,440.362,1444.056,4445.273,27285.197,83484.972,147418.524,1839815.327,2030.547
01/07/17,1811490.967,177145.546,1712828.503,978982.489,8707.651,3711.391,4996.26,418.87,1556.43,4577.39,26162.061,98662.464,150983.485,1988636.513,2154.961
01/08/17,1427576.418,164677.275,1344295.302,587913.445,7721.785,3021.838,4699.947,385.502,1365.763,4314.445,24165.455,83281.116,140511.82,1592253.693,1656.075
01/09/17,1077928.375,171989.285,992656.622,380783.35,7472.094,2675.13,4796.964,496.688,1390.863,4300.276,31179.258,85271.753,140810.027,1249917.66,1284.267
01/10/17,1239473.27,181599.147,1153007.049,438485.718,7987.787,3009.794,4977.993,662.813,1505.01,4315.18,42327.699,86466.221,139271.448,1421072.417,1504.784
01/11/17,1527947.691,193321.243,1434193.469,686484.495,8495.656,3427.796,5067.86,808.301,1541.546,4259.559,52560.19,93754.222,140761.053,1721268.934,1886.25
01/12/17,2054786.921,201378.104,1962361.064,1128756.873,9613.244,4224.025,5389.219,805.143,1541.703,4584.076,53743.136,92425.857,147634.968,2256165.025,2682.322
01/01/18,1757431.351,187219.235,1677012.255,929217.372,8362.829,3338.908,5023.921,855.654,1368.06,4168.267,57676.917,80419.096,129542.318,1944650.586,1970.848
01/02/18,1738597.086,179588.4,1667213.55,1181429.863,8026.864,3228.459,4798.405,798.619,1293.628,3999.786,53498.382,71383.536,126090.018,1918185.486,1934.831
01/03/18,2162751.432,202008.829,2064103.008,1537269.437,9307.427,3995.908,5311.519,895.847,1619.658,4415.672,60125.668,98648.424,141883.161,2364760.261,2376.25
01/04/18,1593581.779,197761.134,1498991.55,895518.208,8317.75,3295.425,5022.325,870.679,1467.868,4151.646,59721.811,94590.229,138039.323,1791342.913,1827.557
01/05/18,1506004.059,183266.654,1412746.344,748651.948,8214.353,3285.945,4928.408,566.617,1501.605,4361.791,37632.563,93257.715,145634.091,1689270.713,1784.34
01/06/18,1699732.082,174061.148,1612974.428,992920.109,8233.034,3481.515,4751.519,492.679,1356.53,4258.84,32992.817,86757.654,141068.331,1873793.23,2124.985
01/07/18,1774509.95,176293.311,1686097.843,902369.767,8243.54,3647.841,4595.699,514.26,1474.245,4081.439,34486.152,88412.107,141807.159,1950803.261,2173.596
01/08/18,1568799.182,175352.219,1464437.001,748690.355,7808.526,3420.201,4388.325,529.36,1724.536,3858.965,35649.178,104362.181,139703.041,1744151.401,1695.665
01/09/18,1242094.227,153440.51,1160691.347,565397.047,6472.18,2823.913,3648.267,471.095,1534.966,3177.172,31082.664,81402.88,122357.846,1395534.737,1288.947
01/10/18,1425996.925,176351.965,1335266.353,705145.896,7714.15,3090.016,4624.134,644.2,1525.135,3979.934,43106.028,90730.572,133245.937,1602348.89,1564.881
01/11/18,1633048.114,174659.666,1531956.549,792212.409,7592.188,3463.808,4128.38,732.247,1531.17,3396.133,49440.171,101091.565,125219.495,1807707.78,1932.638
01/12/18,2263718.957,180104.3,2149531.918,1298017.742,8204.185,4240.781,3963.404,899.916,1608.63,3063.488,61182.292,114187.039,118922.008,2443823.257,2632.151
01/01/19,2095219.974,193658.528,1990542.805,1359754.604,7923.765,3482.523,4441.242,970.953,1521.236,3470.289,66481.257,104677.169,127177.271,2288878.502,1961.287
01/02/19,2056413.327,177805.073,1964167.09,1534668.149,7662.561,3377.081,4285.48,810.625,1420.539,3474.855,55192.804,92246.237,122612.269,2234218.4,1956.542
01/03/19,2319270.735,202343.851,2212995.84,1823417.886,9041.057,4215.044,4826.013,961.64,1856.034,3864.373,65847.69,106274.895,136496.161,2521614.586,2359.01
01/04/19,1895276.006,202879.897,1789946.069,1286001.302,8074.034,3621.716,4452.318,916.825,1720.046,3535.493,63372.322,105329.937,139507.575,2098155.903,1901.67
01/05/19,1759430.404,178650.511,1656907.894,1160466.109,7767.355,3463.849,4303.506,546.941,1628.173,3756.565,37269.644,102522.51,141380.867,1938080.915,1835.676
01/06/19,1804876.073,171714.104,1698776.016,1237774.22,7790.336,3901.649,3888.687,527.812,1738.337,3360.875,35927.176,106100.057,135786.928,1976590.177,2163.312
01/07/19,1993861.113,173863.857,1869579.794,1211874.995,8232.619,4162.016,4070.603,596.917,1964.726,3473.686,41146.567,124281.319,132717.29,2167724.97,2197.29
01/08/19,1752627.015,182757.969,1640318.222,1040071.437,7894.372,3571.977,4322.395,597.161,1820.29,3725.234,41066.095,112308.793,141691.874,1935384.984,1751.687
01/09/19,1257385.205,154275.366,1143826.351,617156.92,7009.269,3041.21,3968.059,530.56,1757.912,3437.499,36284.509,113558.854,117990.857,1411660.571,1283.298
01/10/19,1447789.23,175124.256,1334752.767,799765.838,8116.975,3628.423,4488.552,706.047,1994.514,3782.505,49773.61,113036.463,125350.646,1622913.486,1633.909
01/11/19,1704311.453,192738.346,1593659.844,1090011.345,8576.973,3844.604,4732.369,852.321,1845.842,3880.048,58914.536,110651.609,133823.81,1897049.799,1998.762
01/12/19,2267561.469,213342.795,2150046.861,1531347.992,9316.721,4714.361,4602.36,1076.848,1999.121,3525.512,74689.596,117514.608,138653.199,2480904.264,2715.24
01/01/20,2068009.464,205027.131,1953739.04,1485160.965,8409.413,3783.9,4625.513,1084.297,1740.947,3541.216,76155.764,114270.424,128871.367,2273036.595,2042.953
01/02/20,2158950.524,190090.648,2060491.714,1728509.405,8150.475,3759.411,4391.064,830.005,1659.345,3561.059,58104.276,98458.81,131986.372,2349041.172,2100.066
01/03/20,1195806.379,174337.77,1090678.77,916404.925,6569.72,2756.705,3813.015,666.071,1568.667,3146.944,48044.86,105127.609,126292.91,1370144.149,1188.038
01/04/20,70632.378,59475.831,44375.57,43490.454,2226.989,775.418,1451.571,0,690.802,1451.571,0,26256.808,59475.831,130108.209,84.616
01/05/20,95384.655,58587.022,66092.538,63045.354,2384.912,890.174,1494.738,0,745.642,1494.738,0,29292.117,58587.022,153971.677,144.532
01/06/20,181631.01,56308.978,154369.871,136319.558,2448.911,1003.684,1445.227,0,695.275,1445.227,0,27261.139,56308.978,237939.988,308.409
01/07/20,433306.651,61405.017,393268.651,332818.267,2853.452,1388.716,1464.736,0,859.249,1464.736,0,40038,61405.017,494711.668,529.467
01/08/20,464255.257,42367.59,424726.899,320160.142,2450.688,1347.863,1102.825,0,815.096,1102.825,0,39528.358,42367.59,506622.847,532.767
01/09/20,533234.917,66533.798,467470.503,411997.449,3431.803,1821.47,1610.333,0,1227.707,1610.333,0,65764.414,66533.798,599768.715,593.763
01/10/20,677463.164,75113.458,614918.91,528984.823,3953.201,2037.049,1916.152,0,1214.471,1916.152,0,62544.254,75113.458,752576.622,822.578
01/11/20,784227.515,72786.896,726125.986,616531.314,3917.265,2091.084,1826.181,0,1105.625,1826.181,0,58101.529,72786.896,857014.411,985.459
01/12/20,1197865.487,72813.361,1127465.501,937659.368,4331.213,2628.062,1703.151,0,1145.816,1703.151,0,70399.986,72813.361,1270678.848,1482.246
01/01/21,837501.788,91146.672,762938.507,635532.138,3796.486,1919.218,1877.268,0,1101.213,1877.268,0,74563.281,91146.672,928648.46,818.005
01/02/21,711726.608,86816.702,647309.586,582647.207,3398.909,1585.992,1812.917,0,888.826,1812.917,0,64417.022,86816.702,798543.31,697.166
01/03/21,1135544.409,97460.203,1043281.985,957997.397,4208.862,2284.251,1924.611,0,1107.307,1924.611,0,92262.424,97460.203,1233004.612,1176.944
01/04/21,1183427.783,94514.058,1093977.908,946257.504,4185.296,2326.053,1859.243,0,1141.089,1859.243,0,89449.875,94514.058,1277941.841,1184.964
01/05/21,1489416.932,102583.21,1392600.438,1110840.311,4593.303,2659.297,1934.006,0,1149.011,1934.006,0,96816.494,102583.21,1592000.142,1510.286
01/06/21,1881792.845,94195.653,1781329.167,1508842.463,4885.376,3120.331,1765.045,15.559,1292.148,1749.486,823.115,100463.678,93372.538,1975988.498,1828.183
01/07/21,2103473.393,107241.753,1986012.968,1714998.508,5321.845,3376.029,1945.816,46.178,1363.705,1899.638,3094.935,117460.425,104146.818,2210715.146,2012.324
01/08/21,1694373.339,105534.595,1572143.472,1329061.231,4622.994,2773.108,1849.886,101.405,1336.704,1748.481,6810.633,122229.867,98723.962,1799907.934,1436.404
01/09/21,1356209.005,115941.958,1240930.207,1048429.336,4379.539,2456.534,1923.005,176.381,1205.095,1746.624,12385.798,115278.798,103556.16,1472150.963,1251.439
01/10/21,1689733.038,125109.622,1579383.198,1193860.85,4941.876,2786.593,2155.283,281.801,1189.792,1873.482,19248.696,110349.84,105860.926,1814842.66,1596.801
01/11/21,2005534.427,125195.286,1905843.37,1588890.944,5002.782,2894.316,2108.466,489.756,1001.363,1618.71,35531.922,99691.057,89663.364,2130729.713,1892.953
01/12/21,2398580.659,132375.741,2313873.011,2001444.487,5964.153,3678.67,2285.483,642.682,1039.818,1642.801,46477.032,84707.648,85898.709,2530956.4,2638.852
01/01/22,1864389.593,111288.867,1776473.675,1478049.034,4617.306,2640.631,1976.675,430.131,987.819,1546.544,30497.905,87915.918,80790.962,1975678.46,1652.812
01/02/22,2001306.71,113414.937,1928187.476,1796968.335,4627.305,2619.868,2007.437,483.282,836.474,1524.155,34938.022,73119.234,78476.915,2114721.647,1783.394
01/03/22,2527572.44,148309.902,2425427.962,2234599.429,5687.332,3310.14,2377.192,693.888,982.724,1683.304,52669.669,102144.478,95640.233,2675882.342,2327.416
01/04/22,2274593.459,136750.785,2173278.708,1852570.22,5319.33,3068.419,2250.911,629.262,970.79,1621.649,47127.174,101314.751,89623.611,2411344.244,2097.629
01/05/22,2107320.215,128631.512,2007163.057,1644001.598,5163.975,2985.852,2178.123,437.155,980.758,1740.968,33289.832,100157.158,95341.68,2235951.727,2005.094
01/06/22,2261763.806,130342.11,2158151.905,1855482.727,5515.974,3363.431,2152.543,472.473,1077.152,1680.07,36565.242,103611.901,93776.868,2392105.916,2286.279
01/07/22,2550774.382,126344.273,2425328.637,2089221.133,5880.994,3684.348,2196.646,476.694,1209.61,1719.952,36638.014,125445.745,89706.259,2677118.655,2474.738
01/08/22,2079599.605,134231.67,1955929.835,1507621.608,5294.75,3093.307,2201.443,494.004,1180.34,1707.439,38291.396,123669.77,95940.274,2213831.275,1912.967
01/09/22,1661752.723,124861.952,1540347.445,1144755.602,4866.502,2773.342,2093.16,435.983,1141.974,1657.177,33779.072,121405.278,91082.88,1786614.675,1631.368
01/10/22,1894533.018,156077.296,1766533.523,1366347.74,5712.965,3174.46,2538.505,596.581,1196.072,1941.924,46325.51,127999.495,109751.786,2050610.314,1978.388
01/11/22,2264896.205,171424.221,2151438.096,1767621.363,6094.714,3354.214,2740.5,904.863,1073.509,1835.637,71283.284,113458.109,100140.937,2436320.426,2280.705
01/12/22,2858820.164,187813.784,2714668.071,2226046.226,7213.351,4257.538,2955.813,1020.845,1264.709,1934.968,81333.936,144152.093,106479.848,3046633.948,2992.829
01/01/23,2798124.545,191424.27,2674613.031,2298920.017,6453.042,3485.073,2967.969,1065.107,1182.233,1902.862,86227.247,123511.514,105197.023,2989548.815,2302.84
01/02/23,2627111.522,170320.175,2522528.451,2320317.575,5878.275,3226.422,2651.853,873.166,986.608,1778.687,70372.109,104583.071,99948.066,2797431.697,2239.814
01/03/23,2912132.11,203842.158,2792310.379,2507562.893,6831.609,3704.286,3127.323,1039.389,1125.177,2087.934,84391.046,119821.731,119451.112,3115974.268,2579.109
01/04/23,2436697.873,173795.114,2321316.723,1912008.866,6062.069,3311.731,2750.338,822.94,1151.737,1927.398,65806.25,115381.15,107988.864,2610492.987,2159.994
01/05/23,2104696.42,171139.59,1983145.819,1540732.8,5861.167,3224.662,2636.505,622.104,1211.911,2014.401,50231.126,121550.601,120908.464,2275836.01,2012.751
01/06/23,2344416.689,187530.84,2200839.081,1809628.964,6298.491,3591.91,2706.581,631.572,1276.811,2075.009,50846.698,143577.608,136684.142,2531947.529,2315.099
01/07/23,2485442.427,156947.951,2316407.635,1740693.753,6421.316,3971.819,2449.497,594.492,1540.067,1855.005,47693.771,169034.792,109254.18,2642390.378,2431.752
01/08/23,1958343.664,161039.227,1811385.275,1183333.233,5689.043,3231.425,2457.618,607.937,1373.721,1849.681,49550.509,146958.389,111488.718,2119382.891,1857.704
01/09/23,1567893.27,143495.196,1428864.726,907178.243,5225.195,2915.843,2309.352,496.031,1387.83,1813.321,39408.311,139028.544,104086.885,1711388.466,1528.013
01/10/23,1854660.654,167593.172,1714610.575,1169464.3,5905.693,3213.128,2692.565,669.903,1340.835,2022.662,53708.004,140050.079,113885.168,2022253.826,1872.293
01/11/23,2296948.734,184536.522,2161307.146,1624567.105,6323.59,3483.274,2840.316,791.407,1241.209,2048.909,63626.078,135641.588,120910.444,2481485.256,2242.065
01/12/23,3180839.114,215171.252,3037209.174,2426099.437,7868.256,4589.855,3278.401,983.596,1446.419,2294.805,80453.037,143629.94,134718.215,3396010.366,3143.436
01/01/24,2939977.445,203363.473,2813552.913,2371832.948,6778.73,3637.676,3141.054,1054.594,1254.255,2086.46,88510.379,126424.532,114853.094,3143340.918,2383.421
01/02/24,2974046.407,202490.442,2865158.495,2543709.542,6626.838,3454.694,3172.144,947.533,1024.559,2224.611,78796.089,108887.912,123694.353,3176536.849,2430.135
01/03/24,3257766.94,229196.95,3113826.476,2676383.126,7599.703,4129.192,3470.511,1018.308,1348.414,2452.203,85921.826,143940.464,143275.124,3486963.89,2780.778
01/04/24,2493624.179,209696.848,2355460.942,1822710.047,6755.413,3497.341,3258.072,864.588,1382.132,2393.484,72536.288,138163.237,137160.56,2703321.027,2115.209
01/05/24,2237227.576,227407.135,2094147.762,1569012.709,6729.083,3408.791,3320.292,684.157,1334.278,2636.135,56129.914,143079.814,171277.221,2464634.711,2074.513
01/06/24,2364506.504,238762.813,2202018.76,1735340.081,7191.36,3697.844,3493.516,650.984,1420.582,2842.532,53217.294,162487.744,185545.519,2603269.317,2277.262
01/07/24,2497452.073,224957.509,2293138.581,1735064.841,7481.542,3999.642,3481.9,766.708,1647.159,2715.192,63139.255,204313.492,161818.254,2722409.582,2352.483
01/08/24,1949889.207,227815.858,1780416.464,1055785.042,6868.972,3445.713,3423.259,714.973,1635.574,2708.286,59059.761,169472.743,168756.097,2177705.065,1810.139
01/09/24,1605695.656,182915.633,1398063.329,809036.789,6275.739,3310.89,2964.849,505.19,1851.421,2459.659,41913.109,207632.327,141002.524,1788611.289,1459.469
01/10/24,1980564.893,251590.329,1806711.981,1173943.256,7475.438,3724.242,3751.196,786.922,1784.543,2964.274,66931.512,173852.912,184658.817,2232155.222,1939.699
01/11/24,2522143.189,232753.653,2352691.686,1624999.491,7607.453,3943.297,3664.156,966.31,1654.413,2697.846,81218.447,169451.503,151535.206,2754896.842,2288.884
01/12/24,3423258.034,279172.997,3246759.682,2513992.992,9022.213,4789.432,4232.781,1191.734,1641.038,3041.047,101652.448,176498.352,177520.549,3702431.031,3148.394
01/01/25,3073945.609,272762.805,2890398.811,2264983.151,8037.071,3947.959,4089.112,1157.809,1558.457,2931.303,99144.689,183546.798,173618.116,3346708.414,2389.502
01/02/25,3003462.786,251223.634,2850681.292,2413330.424,7383.3,3723.726,3659.574,1080.173,1389.31,2579.401,92370.591,152781.494,158853.043,3254686.42,2334.416
01/03/25,3402733.088,264373.887,3247392.828,2759902.513,8368.662,4188.343,4180.319,1128.749,1446.744,3051.57,96681.097,155340.26,167692.79,3667106.975,2741.599
01/04/25,2793915.472,248283.783,2625895.397,1946417.312,7666.802,3746.553,3920.249,953.422,1533.449,2966.827,80505.139,168020.075,167778.644,3042199.255,2213.104
01/05/25,2349995.304,268774.202,2166886.52,1577422.906,7938.444,3751.18,4187.264,706.748,1710.916,3480.516,59009.627,183108.784,209764.575,2618769.506,2040.264
01/06/25,2496233.933,255104.984,2300126.48,1717799.273,8020.043,4069.368,3950.675,694.267,1789.986,3256.408,56449.519,196107.453,198655.465,2751338.917,2279.382
01/07/25,2728218.427,272495.809,2508829.229,1821682.671,8405.393,4245.42,4159.973,832.191,1816.599,3327.782,69142.118,219389.198,203353.691,3000714.236,2428.821
01/08/25,1998735.207,253850.053,1777970.179,946438.872,7880.311,3786.226,4094.085,699.348,1936.682,3394.737,57349.394,220765.028,196500.659,2252585.26,1849.544
01/09/25,1587925.163,256363.161,1380046.525,680946.391,7279.357,3203.803,4075.554,720.093,1748.13,3355.461,58203.531,207878.638,198159.63,1844288.324,1455.673